{  
   "header":{  
      "eventID":"travelPlanDetails",
      "applicationId":"portal",
      "responseCode":0,
      "coRelationId":"portal_AG_VIVEK2_quotespaomp_getTravelPlanDetails_1491891949442_-1726241314",
      "baNCSIntegrationSessionVO":{  
         "userCode":"",
         "rolecode":"",
         "userName":"",
         "sessionStatus":""
      },
      "customerName":"AGENT",
      "typeOfCustomer":"AGENT"
   },
   "productBenefitCoverageList":[  
      {  
         "planOrTableType":"A2",
         "coverageCompemsation":[  
            {  
               "coverageType":"MR",
               "compensation":"250000",
               "sumInsured":"250000"
            },
            {  
               "coverageType":"PA",
               "compensation":"25000",
               "sumInsured":"250000"
            },
            {  
               "coverageType":"LC",
               "compensation":"1000",
               "sumInsured":"250000"
            },
            {  
               "coverageType":"DC",
               "compensation":"100",
               "sumInsured":"250000"
            },
            {  
               "coverageType":"LP",
               "compensation":"250",
               "sumInsured":"250000"
            },
            {  
               "coverageType":"PL",
               "compensation":"200000",
               "sumInsured":"250000"
            }
         ],
         "sumInsured":"250000"
      },
      {  
         "planOrTableType":"A1",
         "coverageCompemsation":[  
            {  
               "coverageType":"MR",
               "compensation":"50000",
               "sumInsured":"50000"
            },
            {  
               "coverageType":"PA",
               "compensation":"10000",
               "sumInsured":"50000"
            },
            {  
               "coverageType":"LC",
               "compensation":"1000",
               "sumInsured":"50000"
            },
            {  
               "coverageType":"DC",
               "compensation":"100",
               "sumInsured":"50000"
            },
            {  
               "coverageType":"LP",
               "compensation":"150",
               "sumInsured":"50000"
            },
            {  
               "coverageType":"PL",
               "compensation":"200000",
               "sumInsured":"50000"
            }
         ],
         "sumInsured":"50000"
      }
   ]
}