{
	"userProfile": {
		"userId": "AG_VIVEK4",
		"loggedInRole": "SUPERUSER",
		"stakeCode": "AGENT",
		"footer": {
			"errorCode": "0",
			"status": "06",
			"errorDescription": "OMP Policy extension Successful"
		}
	},
	"quote": {
		"quoteNumber": "1301001710007399",
		"policyNumber": "13010034170900000033",
		"risks": [{
			"riskDetails": {
				"relationWithPolicyHolder": null,
				"occupation": null,
				"nationality": null,
				"passportNo": null,
				"dateOfIssue": null,
				"passportExpiryDate": null,
				"visaWorkPermit": null,
				"proposedDateOfDeparture": null,
				"noOfDaysStayedOutsideIndia": null,
				"expectedNoOfMonthsStudyEmployment": null,
				"nameOfSchoolWorkplace": null,
				"addressOfSchoolWorkplace": null,
				"telNoSchoolWorkplace": null,
				"sponsorName": null,
				"sponsorAddress": null,
				"relationOfSponsor": null,
				"telNoOfSponsor": null,
				"otherOccupationDetails": null,
				"extensionPeriodDays": null,
				"dateOfBirth": null,
				"nameOfInsuredPerson": null,
				"ageInYrs": null,
				"sex": null,
				"isSpouseEarning": null,
				"monthlyIncome": null,
				"specialConditions": null,
				"serialNo": null,
				"relationWithNominee": null,
				"nomineeName": null,
				"isTableACoverRequired": null,
				"sumInsured": null,
				"sumInsuredForTableA": null,
				"isTableBCoverRequired": null,
				"sumInsuredForTableB": null,
				"isTableCCoverRequired": null,
				"sumInsuredForTableC": null,
				"isTableDCoverRequired": null,
				"sumInsuredForTableD": null,
				"capitalSumInsured": null,
				"rateForTableA": null,
				"rateForTableB": null,
				"rateForTableC": null,
				"rateForTableD": null,
				"medicalHistoryDetails": null,
				"physicianDetails": null,
				"nomineeDetails": null,
				"healthStatus": "Y",
				"claimReporting": "N",
				"policyExtensionDate": "07/12/2017",
				"policyExtensionPeriod": "180",
				"anyPhysicalDefects": null,
				"mentionDefects": null,
				"anyPreviousClaim": null,
				"cbPerc": null,
				"cbAmount": null
			}
		}],
		"premiumDetails": {
			"totalPremium": "7392",
			"serviceTax": "1109",
			"netPremium": "8502",
			"extendedPremium": "7035"
		}
	}
}