{  
   "userProfile":{  
      "footer":{  
         "errorCode":"0",
         "errorDescription":"05"
      }
   },
   "quote":{  
      "policyHolderName":"AGENT  VIVEK",
      "policyNumber":"13010034170900000048",
      "policyExpiryDate":"12/05/2017",
      "status":"05",
      "productCode":"BH",
      "policyStartDate":"09/05/2017",
      "productName":"Overseas Mediclaim (Bus & Hol)",
      "premiumDetails":{  
         "totalPremium":"565.0",
         "netPremium":"651.0"
      }
   }
}