{  
   "header":{  
      "eventID":"getCities",
      "applicationId":"portal",
      "responseCode":0,
      "coRelationId":"portal_AG_VIVEK4_party_getCitiesList_1497853243228_-221412443",
      "baNCSIntegrationSessionVO":{  
         "userCode":"",
         "rolecode":"",
         "userName":"",
         "sessionStatus":""
      },
      "customerName":"AGENT",
      "typeOfCustomer":"AGENT"
   },
   "cities":[  
      {  
         "city":"BELLARY",
         "cityCode":"KA032"
      },
      {  
         "city":"BANGALORE",
         "cityCode":"KA001"
      },
      {  
         "city":"BELEKERI",
         "cityCode":"KA2776"
      },
      {  
         "city":"BHEMMARAYANGUDI",
         "cityCode":"KA1187"
      },
      {  
         "city":"BESGERAHALLI",
         "cityCode":"KA1570"
      },
      {  
         "city":"BHERIYA",
         "cityCode":"KA1648"
      },
      {  
         "city":"BASOOR",
         "cityCode":"KA924"
      },
      {  
         "city":"BASAVANI",
         "cityCode":"KA1883"
      },
      {  
         "city":"BAGUR (HASSAN)",
         "cityCode":"KA1341"
      },
      {  
         "city":"BELLATTI",
         "cityCode":"KA2217"
      },
      {  
         "city":"BAGEPALLI",
         "cityCode":"KA1478"
      },
      {  
         "city":"BADDUR FARM",
         "cityCode":"KA3483"
      },
      {  
         "city":"BHADRA SUGAR FACTORY",
         "cityCode":"KA1005"
      },
      {  
         "city":"BHASKERI",
         "cityCode":"KA2780"
      },
      {  
         "city":"BAGESHAPURA",
         "cityCode":"KA1340"
      },
      {  
         "city":"BILUGALI",
         "cityCode":"KA1650"
      },
      {  
         "city":"BOLILA",
         "cityCode":"KA2958"
      },
      {  
         "city":"BHANKUR",
         "cityCode":"KA1185"
      },
      {  
         "city":"BONDANTHILA",
         "cityCode":"KA2960"
      },
      {  
         "city":"BHOJ",
         "cityCode":"KA376"
      },
      {  
         "city":"BELVE",
         "cityCode":"KA2309"
      },
      {  
         "city":"BHEEMASAMUDRA",
         "cityCode":"KA1009"
      },
      {  
         "city":"BANASANDRA",
         "cityCode":"KA1969"
      },
      {  
         "city":"BRANHMAVAR",
         "cityCode":"KA2312"
      },
      {  
         "city":"BELAGUR",
         "cityCode":"KA1003"
      },
      {  
         "city":"BELGHATTA",
         "cityCode":"KA1004"
      },
      {  
         "city":"BIRAVALU",
         "cityCode":"KA3352"
      },
      {  
         "city":"BOMMANAHALLI (DHARWAD)",
         "cityCode":"KA1075"
      },
      {  
         "city":"BASARIKATTE",
         "cityCode":"KA923"
      },
      {  
         "city":"BANTWAL",
         "cityCode":"KA2945"
      },
      {  
         "city":"BUKKAMBUDHI",
         "cityCode":"KA929"
      },
      {  
         "city":"BINAKANAHALLI",
         "cityCode":"KA1651"
      },
      {  
         "city":"BANAKAL",
         "cityCode":"KA922"
      },
      {  
         "city":"BELUR (HASSAN)",
         "cityCode":"KA1347"
      },
      {  
         "city":"BAILHONGAL",
         "cityCode":"KA034"
      },
      {  
         "city":"BISALAVADY",
         "cityCode":"KA3526"
      },
      {  
         "city":"BELAGAAVI",
         "cityCode":"KA1886"
      },
      {  
         "city":"BALELE",
         "cityCode":"KA1419"
      },
      {  
         "city":"BHATAMBRA",
         "cityCode":"KA728"
      },
      {  
         "city":"BILICHARKAR",
         "cityCode":"KA1190"
      },
      {  
         "city":"BADDAL",
         "cityCode":"KA722"
      },
      {  
         "city":"BANAVARA",
         "cityCode":"KA1343"
      },
      {  
         "city":"BELAGANUR",
         "cityCode":"KA1811"
      },
      {  
         "city":"BASRUR",
         "cityCode":"KA2307"
      },
      {  
         "city":"BANNIKOPPA (KOPPAL)",
         "cityCode":"KA3253"
      },
      {  
         "city":"BEVOOR (GULBARGA)",
         "cityCode":"KA1182"
      },
      {  
         "city":"BAGAMANDALA",
         "cityCode":"KA1417"
      },
      {  
         "city":"BOIKERE",
         "cityCode":"KA1423"
      },
      {  
         "city":"BHEEMANAHALLI",
         "cityCode":"KA1186"
      },
      {  
         "city":"BASAVAPATNA (SHIMOGA)",
         "cityCode":"KA1884"
      },
      {  
         "city":"BAIDABETTU",
         "cityCode":"KA2301"
      },
      {  
         "city":"BHAIRADEVANAHALLI",
         "cityCode":"KA636"
      },
      {  
         "city":"BAGEWADI",
         "cityCode":"KA1178"
      },
      {  
         "city":"BELLAD BAGEWADI",
         "cityCode":"KA3432"
      },
      {  
         "city":"BEKKERE",
         "cityCode":"KA334"
      },
      {  
         "city":"BILIGERE",
         "cityCode":"KA3452"
      },
      {  
         "city":"BETGERI",
         "cityCode":"KA2218"
      },
      {  
         "city":"BANNIKODU",
         "cityCode":"KA2681"
      },
      {  
         "city":"BAGUR (CHITRADURGA)",
         "cityCode":"KA3558"
      },
      {  
         "city":"BYADARAHALLI",
         "cityCode":"KA1654"
      },
      {  
         "city":"BEKINAL",
         "cityCode":"KA810"
      },
      {  
         "city":"BASAVAPATNA (HASSAN)",
         "cityCode":"KA1345"
      },
      {  
         "city":"BISALARE",
         "cityCode":"KA928"
      },
      {  
         "city":"BARANDUR",
         "cityCode":"KA1882"
      },
      {  
         "city":"BELMANNU",
         "cityCode":"KA2308"
      },
      {  
         "city":"BHARAMANAYAKANA DURGA",
         "cityCode":"KA1007"
      },
      {  
         "city":"BUKKAPATNA",
         "cityCode":"KA3341"
      },
      {  
         "city":"BAILUR (KARWAR)",
         "cityCode":"KA2769"
      },
      {  
         "city":"BANAHAIIT",
         "cityCode":"KA3594"
      },
      {  
         "city":"BAGE",
         "cityCode":"KA3360"
      },
      {  
         "city":"BELVADI",
         "cityCode":"KA370"
      },
      {  
         "city":"BASARALU",
         "cityCode":"KA1566"
      },
      {  
         "city":"BAGALI",
         "cityCode":"KA2680"
      },
      {  
         "city":"BAGALWAD",
         "cityCode":"KA1810"
      },
      {  
         "city":"BELAGUNDA",
         "cityCode":"KA335"
      },
      {  
         "city":"BIJJARGI",
         "cityCode":"KA829"
      },
      {  
         "city":"BISGOD",
         "cityCode":"KA2786"
      },
      {  
         "city":"BHAIRUMBE",
         "cityCode":"KA2779"
      },
      {  
         "city":"BOLA",
         "cityCode":"KA2311"
      },
      {  
         "city":"BACHIGONDANAHALLI",
         "cityCode":"KA614"
      },
      {  
         "city":"BHAIRANJE",
         "cityCode":"KA811"
      },
      {  
         "city":"BHATKAL",
         "cityCode":"KA2781"
      },
      {  
         "city":"BANNIKOPPA (GADAG)",
         "cityCode":"KA2215"
      },
      {  
         "city":"BEEJADY",
         "cityCode":"KA3556"
      },
      {  
         "city":"BALAREDDIPALLI",
         "cityCode":"KA1479"
      },
      {  
         "city":"BALAGANUR (BIJAPUR)",
         "cityCode":"KA804"
      },
      {  
         "city":"BYALAKUPPE",
         "cityCode":"KA1655"
      },
      {  
         "city":"BIDAREKERE",
         "cityCode":"KA1010"
      },
      {  
         "city":"BYADGI",
         "cityCode":"KA2134"
      },
      {  
         "city":"BUDUGUMPA",
         "cityCode":"KA3256"
      },
      {  
         "city":"BANANGADY",
         "cityCode":"KA2944"
      },
      {  
         "city":"BAJAL",
         "cityCode":"KA2937"
      },
      {  
         "city":"BIJUR",
         "cityCode":"KA2310"
      },
      {  
         "city":"BADANAGUPPE",
         "cityCode":"KA2609"
      },
      {  
         "city":"BELAKAVADI",
         "cityCode":"KA1568"
      },
      {  
         "city":"BORIMARU",
         "cityCode":"KA2961"
      },
      {  
         "city":"BETHAMANGALA",
         "cityCode":"KA3421"
      },
      {  
         "city":"BACHANKI",
         "cityCode":"KA2768"
      },
      {  
         "city":"BASTWAD",
         "cityCode":"KA332"
      },
      {  
         "city":"BARGI",
         "cityCode":"KA2774"
      },
      {  
         "city":"BAICHABALLI",
         "cityCode":"KA2130"
      },
      {  
         "city":"BANARASI",
         "cityCode":"KA2772"
      },
      {  
         "city":"BHEEMNABEEDU",
         "cityCode":"KA2614"
      },
      {  
         "city":"BHAVIKERI",
         "cityCode":"KA2783"
      },
      {  
         "city":"BADAGA BETTU",
         "cityCode":"KA2300"
      },
      {  
         "city":"BIJASPUR",
         "cityCode":"KA1189"
      },
      {  
         "city":"BIKKODU",
         "cityCode":"KA3507"
      },
      {  
         "city":"BUDANURU",
         "cityCode":"KA1572"
      },
      {  
         "city":"BADAGA",
         "cityCode":"KA1415"
      },
      {  
         "city":"BANDAPPANSALWEDGI",
         "cityCode":"KA806"
      },
      {  
         "city":"BELWADGI",
         "cityCode":"KA1181"
      },
      {  
         "city":"BIJAPUR",
         "cityCode":"KA008"
      },
      {  
         "city":"BELAGALI",
         "cityCode":"KA3173"
      },
      {  
         "city":"BILIKERE",
         "cityCode":"KA1649"
      },
      {  
         "city":"BELAVADI",
         "cityCode":"KA1646"
      },
      {  
         "city":"BILGI (SIRSI)",
         "cityCode":"KA2784"
      },
      {  
         "city":"BHAGYANAGAR (BELLARY)",
         "cityCode":"KA635"
      },
      {  
         "city":"BANKAPUR",
         "cityCode":"KA2131"
      },
      {  
         "city":"BAMMIGATTI",
         "cityCode":"KA1073"
      },
      {  
         "city":"BOMMAGONAKERE",
         "cityCode":"KA2685"
      },
      {  
         "city":"BARKUR",
         "cityCode":"KA2306"
      },
      {  
         "city":"BEVOORU (C PATNA)",
         "cityCode":"KA2551"
      },
      {  
         "city":"BADA",
         "cityCode":"KA2679"
      },
      {  
         "city":"BISARAHALLI",
         "cityCode":"KA3255"
      },
      {  
         "city":"BINGA",
         "cityCode":"KA2785"
      },
      {  
         "city":"BALLUPET",
         "cityCode":"KA1342"
      },
      {  
         "city":"BUDIKOTE",
         "cityCode":"KA1485"
      },
      {  
         "city":"BHADRAVATHI",
         "cityCode":"KA1888"
      },
      {  
         "city":"BAJATHUR",
         "cityCode":"KA2938"
      },
      {  
         "city":"BALEHONNUR",
         "cityCode":"KA921"
      },
      {  
         "city":"BENGRE",
         "cityCode":"KA2777"
      },
      {  
         "city":"BIDADI",
         "cityCode":"KA2552"
      },
      {  
         "city":"BENADI",
         "cityCode":"KA371"
      },
      {  
         "city":"BAGALKOT",
         "cityCode":"KA3166"
      },
      {  
         "city":"BIDARI",
         "cityCode":"KA813"
      },
      {  
         "city":"BALANAHALLI",
         "cityCode":"KA1643"
      },
      {  
         "city":"BETTAHALSUR",
         "cityCode":"KA084"
      },
      {  
         "city":"BHAGAWATI (BAGALKOT)",
         "cityCode":"KA3177"
      },
      {  
         "city":"BEJJAVALLI",
         "cityCode":"KA1885"
      },
      {  
         "city":"BELGALBETH",
         "cityCode":"KA2132"
      },
      {  
         "city":"BALEHOLE",
         "cityCode":"KA920"
      },
      {  
         "city":"BELUR (BAGALKOT)",
         "cityCode":"KA3174"
      },
      {  
         "city":"BADAMI",
         "cityCode":"KA3312"
      },
      {  
         "city":"B R PROJECT",
         "cityCode":"KA918"
      },
      {  
         "city":"BELAGODU",
         "cityCode":"KA1346"
      },
      {  
         "city":"BIDAR",
         "cityCode":"KA033"
      },
      {  
         "city":"BIRUR",
         "cityCode":"KA3373"
      },
      {  
         "city":"BELKAD",
         "cityCode":"KA369"
      },
      {  
         "city":"BHENDIGERI",
         "cityCode":"KA374"
      },
      {  
         "city":"BHANDIGODI",
         "cityCode":"KA926"
      },
      {  
         "city":"BAJEGOLI",
         "cityCode":"KA2303"
      },
      {  
         "city":"BALTHILA",
         "cityCode":"KA2943"
      },
      {  
         "city":"BHIRDI",
         "cityCode":"KA375"
      },
      {  
         "city":"BATLAHALLI",
         "cityCode":"KA1482"
      },
      {  
         "city":"BYAHATTI",
         "cityCode":"KA1076"
      },
      {  
         "city":"BADAVANAHALLI",
         "cityCode":"KA3451"
      },
      {  
         "city":"BANAVARA R S",
         "cityCode":"KA3506"
      },
      {  
         "city":"BUKKASAGARA",
         "cityCode":"KA638"
      },
      {  
         "city":"BETGERA",
         "cityCode":"KA633"
      },
      {  
         "city":"BYRAPURA",
         "cityCode":"KA1656"
      },
      {  
         "city":"BAJPE",
         "cityCode":"KA2939"
      },
      {  
         "city":"BANGARPET",
         "cityCode":"KA1480"
      },
      {  
         "city":"BYNDOOR",
         "cityCode":"KA3553"
      },
      {  
         "city":"BALAGANUR (GADAG)",
         "cityCode":"KA2213"
      },
      {  
         "city":"BAAD",
         "cityCode":"KA2767"
      },
      {  
         "city":"BHANUVALLI",
         "cityCode":"KA1006"
      },
      {  
         "city":"BETTAMPADY",
         "cityCode":"KA2952"
      },
      {  
         "city":"BURUDUGUNTE",
         "cityCode":"KA1486"
      },
      {  
         "city":"BANDIPURA",
         "cityCode":"KA2611"
      },
      {  
         "city":"BABUR",
         "cityCode":"KA803"
      },
      {  
         "city":"BELTHANGADY",
         "cityCode":"KA2949"
      },
      {  
         "city":"BABLESHWAR",
         "cityCode":"KA802"
      },
      {  
         "city":"BEMALKHEDA",
         "cityCode":"KA726"
      },
      {  
         "city":"BELGAUM",
         "cityCode":"KA002"
      },
      {  
         "city":"BORI",
         "cityCode":"KA2788"
      },
      {  
         "city":"BANKIKODLA",
         "cityCode":"KA2773"
      },
      {  
         "city":"BILGI (BAGALKOT)",
         "cityCode":"KA3590"
      },
      {  
         "city":"BEECHAGANAHALLI",
         "cityCode":"KA1483"
      },
      {  
         "city":"BALEKUNDI",
         "cityCode":"KA328"
      },
      {  
         "city":"BADAGA BELLUR",
         "cityCode":"KA2934"
      },
      {  
         "city":"BANNIKUPPE",
         "cityCode":"KA2612"
      },
      {  
         "city":"BHARAMASAGAR",
         "cityCode":"KA1008"
      },
      {  
         "city":"BELLUDI",
         "cityCode":"KA2683"
      },
      {  
         "city":"BELAPU",
         "cityCode":"KA2947"
      },
      {  
         "city":"BALAGUNDA",
         "cityCode":"KA1418"
      },
      {  
         "city":"BEGUR",
         "cityCode":"KA2613"
      },
      {  
         "city":"B R HILLS",
         "cityCode":"KA2608"
      },
      {  
         "city":"BASAPATTAN",
         "cityCode":"KA615"
      },
      {  
         "city":"BHATGUNKI",
         "cityCode":"KA812"
      },
      {  
         "city":"BANDALLI",
         "cityCode":"KA2610"
      },
      {  
         "city":"BEWOOR (BELLARY)",
         "cityCode":"KA634"
      },
      {  
         "city":"BELAMBGI",
         "cityCode":"KA1180"
      },
      {  
         "city":"BALKUNJE",
         "cityCode":"KA2940"
      },
      {  
         "city":"BUKKINAKERE",
         "cityCode":"KA1653"
      },
      {  
         "city":"BELVAI",
         "cityCode":"KA2951"
      },
      {  
         "city":"BHOOSNOORU",
         "cityCode":"KA1188"
      },
      {  
         "city":"BANANAGAR",
         "cityCode":"KA805"
      },
      {  
         "city":"BALEHOSUR",
         "cityCode":"KA2214"
      },
      {  
         "city":"BOLIYAR",
         "cityCode":"KA2959"
      },
      {  
         "city":"BATKURKI",
         "cityCode":"KA3316"
      },
      {  
         "city":"BAILUR (PUTTUR)",
         "cityCode":"KA2302"
      },
      {  
         "city":"BALNAD",
         "cityCode":"KA2942"
      },
      {  
         "city":"BETTADAPURA",
         "cityCode":"KA1647"
      },
      {  
         "city":"BOMMASANDRA INDUSTRIAL ESTATE",
         "cityCode":"KA3419"
      },
      {  
         "city":"BARAGUR",
         "cityCode":"KA3340"
      },
      {  
         "city":"BELAL",
         "cityCode":"KA2946"
      },
      {  
         "city":"BENKATTI",
         "cityCode":"KA3175"
      },
      {  
         "city":"BORGAON",
         "cityCode":"KA377"
      },
      {  
         "city":"Bangalore Rural",
         "cityCode":"KA2550"
      },
      {  
         "city":"BEVUR (BAGALKOT)",
         "cityCode":"KA3176"
      },
      {  
         "city":"BASAVAKALYANA",
         "cityCode":"KA723"
      },
      {  
         "city":"BELLUR",
         "cityCode":"KA1569"
      },
      {  
         "city":"BILICHODU",
         "cityCode":"KA2684"
      },
      {  
         "city":"BINDIGANAVALE",
         "cityCode":"KA1571"
      },
      {  
         "city":"BHAIRAMADGI",
         "cityCode":"KA1184"
      },
      {  
         "city":"BASARKOD",
         "cityCode":"KA808"
      },
      {  
         "city":"BELLARE",
         "cityCode":"KA2948"
      },
      {  
         "city":"BANNADI",
         "cityCode":"KA2304"
      },
      {  
         "city":"BIDI",
         "cityCode":"KA3314"
      },
      {  
         "city":"BAGADA",
         "cityCode":"KA1177"
      },
      {  
         "city":"BUDAKATTI",
         "cityCode":"KA378"
      },
      {  
         "city":"BODABANHAL",
         "cityCode":"KA1011"
      },
      {  
         "city":"BEDAKIHAL",
         "cityCode":"KA333"
      },
      {  
         "city":"BELAGUTTI",
         "cityCode":"KA1887"
      },
      {  
         "city":"BAGAL",
         "cityCode":"KA3418"
      },
      {  
         "city":"BHAIRANHATTI",
         "cityCode":"KA2220"
      },
      {  
         "city":"BIRUNANI",
         "cityCode":"KA1422"
      },
      {  
         "city":"BHADRAPURA",
         "cityCode":"KA2219"
      },
      {  
         "city":"BAILUR (BELGAUM)",
         "cityCode":"KA327"
      },
      {  
         "city":"BADAGABANANGALA",
         "cityCode":"KA1416"
      },
      {  
         "city":"BHUJANGA NAGAR",
         "cityCode":"KA637"
      },
      {  
         "city":"BENBALUR",
         "cityCode":"KA1420"
      },
      {  
         "city":"BASAVAN BAGEWADI",
         "cityCode":"KA809"
      },
      {  
         "city":"BALKUR",
         "cityCode":"KA2771"
      },
      {  
         "city":"BYRAMANGALA",
         "cityCode":"KA2554"
      },
      {  
         "city":"BYRAKUR",
         "cityCode":"KA1487"
      },
      {  
         "city":"BADAGANNUR",
         "cityCode":"KA2935"
      },
      {  
         "city":"BIDARE",
         "cityCode":"KA3354"
      },
      {  
         "city":"BETSUR",
         "cityCode":"KA372"
      },
      {  
         "city":"BARDOL",
         "cityCode":"KA807"
      },
      {  
         "city":"BELAMBAR",
         "cityCode":"KA2775"
      },
      {  
         "city":"BAITKHOL",
         "cityCode":"KA2770"
      },
      {  
         "city":"BASANAL",
         "cityCode":"KA3391"
      },
      {  
         "city":"BETTAGERI",
         "cityCode":"KA1421"
      },
      {  
         "city":"BHALKI",
         "cityCode":"KA727"
      },
      {  
         "city":"BORKATTE",
         "cityCode":"KA2962"
      },
      {  
         "city":"BELURA",
         "cityCode":"KA725"
      },
      {  
         "city":"BANDIGUDDE",
         "cityCode":"KA1881"
      },
      {  
         "city":"BYALYA",
         "cityCode":"KA3486"
      },
      {  
         "city":"BHAGAVATHI (KANARA NORTH)",
         "cityCode":"KA2778"
      },
      {  
         "city":"BENAKANKONDA",
         "cityCode":"KA2133"
      },
      {  
         "city":"BELLAVI",
         "cityCode":"KA3479"
      },
      {  
         "city":"BYADANUR",
         "cityCode":"KA2553"
      },
      {  
         "city":"BELAVANKI",
         "cityCode":"KA2216"
      },
      {  
         "city":"BHANAPUR",
         "cityCode":"KA3254"
      }
   ]
}