{  
   "header":{  
      "eventID":"getPolicyHolderDetail",
      "applicationId":"portal",
      "responseCode":0,
      "coRelationId":"portal_AG_VIVEK2_party_getPolicyHolderDetail_1491892882752_-1726241314",
      "baNCSIntegrationSessionVO":{  
         "userCode":"",
         "rolecode":"",
         "userName":"",
         "sessionStatus":""
      },
      "customerName":"AGENT",
      "typeOfCustomer":"AGENT"
   },
   "partyDetails":{  
      "partyType":"I",
      "partyStakeCode":"POLICY-HOL",
      "stakeCode":"POLICY-HOL",
      "individualDetails":{  
         "title":"Mr.",
         "firstName":"SAI",
         "middleName":"G",
         "lastName":"K",
         "gender":"M",
         "dateOfBirth":"01/01/1985",
         "buildingNoStreet":"TEST1",
         "pinCode":"560037",
         "mobileNo":"9986449833",
         "emailId":"anusha.kalivarapu@tcs.com",
         "startDate":"2017-04-11 00:00:00.0",
         "contactType":"Permanent",
         "clientType":"Non-Corporate"
      }
   },
   "footer":{  
      "errorCode":"0"
   }
}