{  
   "header":{  
      "eventID":"getStates",
      "applicationId":"portal",
      "responseCode":0,
      "coRelationId":"portal_AG_VIVEK4_party_getStateList_1497853095663_-221412443",
      "baNCSIntegrationSessionVO":{  
         "userCode":"",
         "rolecode":"",
         "userName":"",
         "sessionStatus":""
      },
      "customerName":"AGENT",
      "typeOfCustomer":"AGENT"
   },
   "states":[  
      {  
         "state":"KARNATAKA",
         "stateCode":"KA"
      }
   ]
}