{  
   "header":{  
      "eventID":"searchPolicyHolderDetails",
      "applicationId":"portal",
      "responseCode":0,
      "coRelationId":"portal_AG_VIVEK2_party_searchPolicyHolderDetails_1491905404505_-734230536",
      "baNCSIntegrationSessionVO":{  
         "userCode":"",
         "rolecode":"",
         "userName":"",
         "sessionStatus":""
      },
      "customerName":"AGENT",
      "typeOfCustomer":"AGENT"
   },
   "partyDetailsList":[  
      {  
         "partyType":"I",
         "partyCode":"ME00137547",
         "address":"TEST1",
         "individualDetails":{  
            "firstName":"SAI",
            "middleName":"G",
            "lastName":"K",
            "gender":"M",
            "dateOfBirth":"01/01/1985",
            "buildingNoStreet":"TEST1",
            "pinCode":"560037",
            "mobileNo":"9986449833",
            "emailId":"anusha.kalivarapu@tcs.com"
         },
         "organizationDetails":{  
            "pinCode":"560037",
            "mobileNo":"9986449833",
            "emailId":"anusha.kalivarapu@tcs.com"
         }
      }
   ]
}