{  
   "header":{  
      "eventID":"getCollectionModes",
      "applicationId":"mobile",
      "responseCode":0,
      "coRelationId":"mobile_PRELOGIN_userprofile_getCollectionModes_1484049369456_PRELOGIN",
      "baNCSIntegrationSessionVO":{  
         "userCode":"",
         "rolecode":"",
         "userName":"",
         "sessionStatus":""
      },
      "customerName":"AGENT",
      "typeOfCustomer":"AGENT"
   },
   "collectionModesList":[  
      {  
         "mode":"APD",
         "code":"APD"
      },
      {  
         "mode":"Cash",
         "code":"CSH"
      },
      {  
         "mode":"Cheque",
         "code":"CHQ"
      },
      {  
         "mode":"Draft",
         "code":"DRF"
      },
      {  
         "mode":"Net Banking",
         "code":"NB"
      },
      {  
         "mode":"Postal Order",
         "code":"PO"
      }
   ]
}