{  
   "renewalPolicyCounts":[  
      {  
         "productCode":"SW",
         "productWisRowCount":"0",
         "productName":"Silkworm"
      },
      {  
         "productCode":"AK",
         "productWisRowCount":"1",
         "productName":"Asha Kiran"
      },
      {  
         "productCode":"CX",
         "productWisRowCount":"0",
         "productName":"Cancer Medical Expn-Individual"
      },
      {  
         "productCode":"FM",
         "productWisRowCount":"0",
         "productName":"Family Floater Mediclaim"
      },
      {  
         "productCode":"JA",
         "productWisRowCount":"0",
         "productName":"Jan Arogya Bima"
      },
      {  
         "productCode":"JM",
         "productWisRowCount":"0",
         "productName":"Janata Mediclaim"
      },
      {  
         "productCode":"MC",
         "productWisRowCount":"0",
         "productName":"Mediclaim 2007"
      },
      {  
         "productCode":"NF",
         "productWisRowCount":"0",
         "productName":"New Family Floater 2012"
      },
      {  
         "productCode":"NM",
         "productWisRowCount":"2",
         "productName":"New MediClaim 2012"
      },
      {  
         "productCode":"NP",
         "productWisRowCount":"1",
         "productName":"New India Floater Mediclaim"
      },
      {  
         "productCode":"RS",
         "productWisRowCount":"0",
         "productName":"Rashtriya Swasthya Bima Yojana"
      },
      {  
         "productCode":"SC",
         "productWisRowCount":"0",
         "productName":"Senior Citizen Mediclaim"
      },
      {  
         "productCode":"SP",
         "productWisRowCount":"0",
         "productName":"Swasthya Bima Policy"
      },
      {  
         "productCode":"TU",
         "productWisRowCount":"1",
         "productName":"New India Top Up Mediclaim"
      },
      {  
         "productCode":"UH",
         "productWisRowCount":"0",
         "productName":"Universal Health Insurance"
      },
      {  
         "productCode":"AP",
         "productWisRowCount":"0",
         "productName":"Personal Accident (Death & PTD)"
      },
      {  
         "productCode":"BA",
         "productWisRowCount":"0",
         "productName":"Baggage Insurance"
      },
      {  
         "productCode":"BI",
         "productWisRowCount":"0",
         "productName":"Burglary Insurance"
      },
      {  
         "productCode":"BS",
         "productWisRowCount":"0",
         "productName":"Bhagyashree Insurance"
      },
      {  
         "productCode":"EN",
         "productWisRowCount":"0",
         "productName":"Shop Keeper"
      },
      {  
         "productCode":"EO",
         "productWisRowCount":"0",
         "productName":"Office Protection"
      },
      {  
         "productCode":"EZ",
         "productWisRowCount":"0",
         "productName":"House Holder"
      },
      {  
         "productCode":"FI",
         "productWisRowCount":"0",
         "productName":"Fidelity Guarantee Insurance"
      },
      {  
         "productCode":"FS",
         "productWisRowCount":"0",
         "productName":"Other Misc Non Liab Products"
      },
      {  
         "productCode":"GH",
         "productWisRowCount":"0",
         "productName":"Good Health Mediclaim"
      },
      {  
         "productCode":"GS",
         "productWisRowCount":"0",
         "productName":"New India Griha Suvidha Policy"
      },
      {  
         "productCode":"HH",
         "productWisRowCount":"0",
         "productName":"Householders Insurance"
      },
      {  
         "productCode":"MI",
         "productWisRowCount":"0",
         "productName":"Money Insurance"
      },
      {  
         "productCode":"OM",
         "productWisRowCount":"0",
         "productName":"Other Misc Non Liab Policies"
      },
      {  
         "productCode":"OS",
         "productWisRowCount":"0",
         "productName":"Office Protection Shield"
      },
      {  
         "productCode":"PB",
         "productWisRowCount":"0",
         "productName":"Pravasi Bhartiya Bima Yojana"
      },
      {  
         "productCode":"PQ",
         "productWisRowCount":"0",
         "productName":"Portable Equipment Insurance"
      },
      {  
         "productCode":"PU",
         "productWisRowCount":"1",
         "productName":"Personal Accident"
      },
      {  
         "productCode":"PY",
         "productWisRowCount":"0",
         "productName":"Package Policy"
      },
      {  
         "productCode":"SE",
         "productWisRowCount":"0",
         "productName":"Students Safety Package"
      },
      {  
         "productCode":"SF",
         "productWisRowCount":"0",
         "productName":"Standard Fire and Special Perils"
      },
      {  
         "productCode":"SH",
         "productWisRowCount":"0",
         "productName":"Shopkeepers Insurance"
      },
      {  
         "productCode":"SY",
         "productWisRowCount":"0",
         "productName":"Students Safety"
      },
      {  
         "productCode":"YC",
         "productWisRowCount":"0",
         "productName":"MIP2 - Cattle Sukshma Bima"
      },
      {  
         "productCode":"YJ",
         "productWisRowCount":"0",
         "productName":"Janata PA Sukshma Bima Policy"
      },
      {  
         "productCode":"YK",
         "productWisRowCount":"0",
         "productName":"MIP6- Camel Sukshma Bima"
      },
      {  
         "productCode":"ZP",
         "productWisRowCount":"0",
         "productName":"MIP5-Pig Sukshma Bima"
      },
      {  
         "productCode":"CV",
         "productWisRowCount":"6",
         "productName":"Commercial Vehicle"
      },
      {  
         "productCode":"PC",
         "productWisRowCount":"3",
         "productName":"Private Car"
      },
      {  
         "productCode":"TW",
         "productWisRowCount":"2",
         "productName":"Two Wheeler"
      },
      {  
         "productCode":"CA",
         "productWisRowCount":"0",
         "productName":"Camel Insurance"
      },
      {  
         "productCode":"CI",
         "productWisRowCount":"0",
         "productName":"Cattle"
      },
      {  
         "productCode":"DC",
         "productWisRowCount":"0",
         "productName":"Animal Driven Cart Insurance"
      },
      {  
         "productCode":"DG",
         "productWisRowCount":"0",
         "productName":"Dog Insurance"
      },
      {  
         "productCode":"EJ",
         "productWisRowCount":"0",
         "productName":"Janata Personal Accident"
      },
      {  
         "productCode":"EK",
         "productWisRowCount":"0",
         "productName":"Cattle Insurance"
      },
      {  
         "productCode":"EL",
         "productWisRowCount":"0",
         "productName":"Elephant Insurance"
      },
      {  
         "productCode":"FP",
         "productWisRowCount":"0",
         "productName":"Seeds Fertilizers Pesticides"
      },
      {  
         "productCode":"GG",
         "productWisRowCount":"0",
         "productName":"Gobar Gas Insurance"
      },
      {  
         "productCode":"HD",
         "productWisRowCount":"0",
         "productName":"Horse Donkey Pony Mule Insuran"
      },
      {  
         "productCode":"HE",
         "productWisRowCount":"0",
         "productName":"Eproduct for Laghu Bima Hut"
      },
      {  
         "productCode":"HI",
         "productWisRowCount":"0",
         "productName":"Hut Insurance"
      },
      {  
         "productCode":"JN",
         "productWisRowCount":"0",
         "productName":"Group Janta Insurance"
      },
      {  
         "productCode":"JP",
         "productWisRowCount":"0",
         "productName":"Personal Janta Insurance"
      },
      {  
         "productCode":"KY",
         "productWisRowCount":"0",
         "productName":"Kisan Credit Card Yojana"
      },
      {  
         "productCode":"LC",
         "productWisRowCount":"0",
         "productName":"Eproduct for Laghu Bima Cattle"
      },
      {  
         "productCode":"LH",
         "productWisRowCount":"0",
         "productName":"Eproduct for Laghu Bima Health"
      },
      {  
         "productCode":"LI",
         "productWisRowCount":"0",
         "productName":"Lift Irrigation"
      },
      {  
         "productCode":"LX",
         "productWisRowCount":"0",
         "productName":"Eproduct for Laghu Bima Personal Accident"
      },
      {  
         "productCode":"PI",
         "productWisRowCount":"0",
         "productName":"Pig Insurance"
      },
      {  
         "productCode":"PS",
         "productWisRowCount":"0",
         "productName":"Pump Set Insurance"
      },
      {  
         "productCode":"SG",
         "productWisRowCount":"0",
         "productName":"Sheep and Goat"
      }
   ],
   "totalRowCount":"17"
}