{  
   "renewalPolicyDetails":[  
      {  
         "partyName":"RAJ MALHOTRA",
         "renewQuoteNo":"1301001710761318",
         "previousPolicyNo":"13010016113645770000",
         "productCode":"AK",
         "policyStatus":"ACTIVE POLICY",
         "quoteStatus":"RENEWAL IN PROGRESS",
         "quoteStartDate":"12/11/2017 00:00:01",
         "productName":"Asha Kiran"
      },
      {  
         "partyName":"AGENT GANES",
         "renewQuoteNo":"1301001710760943",
         "previousPolicyNo":"13010016113645590000",
         "productCode":"NM",
         "policyStatus":"ACTIVE POLICY",
         "quoteStatus":"RENEWAL IN PROGRESS",
         "quoteStartDate":"11/11/2017 00:00:01",
         "productName":"New MediClaim 2012"
      },
      {  
         "partyName":"AGENT GANES",
         "renewQuoteNo":"1301001710720196",
         "previousPolicyNo":"13010016113643970000",
         "productCode":"NM",
         "policyStatus":"ACTIVE POLICY",
         "quoteStatus":"RENEWAL IN PROGRESS",
         "quoteStartDate":"15/11/2017 00:00:01",
         "productName":"New MediClaim 2012"
      },
      {  
         "partyName":"AGENT GANES",
         "renewQuoteNo":"1301001710631127",
         "previousPolicyNo":"13010016113642420000",
         "productCode":"NP",
         "policyStatus":"ACTIVE POLICY",
         "quoteStatus":"RENEWAL IN PROGRESS",
         "quoteStartDate":"15/11/2017 00:00:01",
         "productName":"New India Floater Mediclaim"
      },
      {  
         "partyName":"TEST  TEST",
         "renewQuoteNo":"1301001710734018",
         "previousPolicyNo":"13010016113644900000",
         "productCode":"TU",
         "policyStatus":"ACTIVE POLICY",
         "quoteStatus":"RENEWAL IN PROGRESS",
         "quoteStartDate":"11/11/2017 00:00:01",
         "productName":"New India Top Up Mediclaim"
      },
      {  
         "partyName":"ABC XYZ",
         "renewQuoteNo":"1301001710761331",
         "previousPolicyNo":"13010016113645790000",
         "productCode":"PU",
         "policyStatus":"ACTIVE POLICY",
         "quoteStatus":"RENEWAL IN PROGRESS",
         "quoteStartDate":"12/11/2017 00:00:01",
         "productName":"Personal Accident"
      },
      {  
         "partyName":"HELLO  HELO",
         "renewQuoteNo":"1301001710689493",
         "previousPolicyNo":"13010016113643490000",
         "productCode":"CV",
         "policyStatus":"ACTIVE POLICY",
         "quoteStatus":"RENEWAL IN PROGRESS",
         "quoteStartDate":"10/11/2017 00:00:01",
         "productName":"Commercial Vehicle"
      },
      {  
         "partyName":"FGFDG  DFGDF",
         "renewQuoteNo":"1301001710760027",
         "previousPolicyNo":"13010016113645550000",
         "productCode":"CV",
         "policyStatus":"ACTIVE POLICY",
         "quoteStatus":"RENEWAL IN PROGRESS",
         "quoteStartDate":"30/11/2017 00:00:01",
         "productName":"Commercial Vehicle"
      },
      {  
         "partyName":"FGFDG  DFGDF",
         "renewQuoteNo":"1301001710758924",
         "previousPolicyNo":"13010016113645450000",
         "productCode":"CV",
         "policyStatus":"ACTIVE POLICY",
         "quoteStatus":"RENEWAL IN PROGRESS",
         "quoteStartDate":"15/11/2017 00:00:01",
         "productName":"Commercial Vehicle"
      },
      {  
         "partyName":"FGFDG  DFGDF",
         "renewQuoteNo":"1301001710734440",
         "previousPolicyNo":"13010016113645170000",
         "productCode":"CV",
         "policyStatus":"ACTIVE POLICY",
         "quoteStatus":"RENEWAL IN PROGRESS",
         "quoteStartDate":"15/11/2017 00:00:01",
         "productName":"Commercial Vehicle"
      },
      {  
         "partyName":"FGFDG  DFGDF",
         "renewQuoteNo":"1301001710733961",
         "previousPolicyNo":"13010016113644870000",
         "productCode":"CV",
         "policyStatus":"ACTIVE POLICY",
         "quoteStatus":"RENEWAL IN PROGRESS",
         "quoteStartDate":"15/11/2017 00:00:01",
         "productName":"Commercial Vehicle"
      },
      {  
         "partyName":"FGFDG  DFGDF",
         "renewQuoteNo":"1301001710734132",
         "previousPolicyNo":"13010016113644950000",
         "productCode":"CV",
         "policyStatus":"ACTIVE POLICY",
         "quoteStatus":"RENEWAL IN PROGRESS",
         "quoteStartDate":"15/11/2017 00:00:01",
         "productName":"Commercial Vehicle"
      },
      {  
         "partyName":"LTMOTOR  LTMOTOR",
         "renewQuoteNo":"1301001710734525",
         "previousPolicyNo":"13010016113645180000",
         "productCode":"PC",
         "policyStatus":"ACTIVE POLICY",
         "quoteStatus":"RENEWAL IN PROGRESS",
         "quoteStartDate":"10/11/2017 00:00:01",
         "productName":"Private Car"
      },
      {  
         "partyName":"ABHAY SHAH",
         "renewQuoteNo":"1301001710761304",
         "previousPolicyNo":"13010016113645750000",
         "productCode":"PC",
         "policyStatus":"ACTIVE POLICY",
         "quoteStatus":"RENEWAL IN PROGRESS",
         "quoteStartDate":"10/11/2017 00:00:01",
         "productName":"Private Car"
      },
      {  
         "partyName":"SADSAD  SADSAD",
         "renewQuoteNo":"1301001710739115",
         "previousPolicyNo":"13010016113645270000",
         "productCode":"PC",
         "policyStatus":"ACTIVE POLICY",
         "quoteStatus":"RENEWAL IN PROGRESS",
         "quoteStartDate":"09/11/2017 00:00:01",
         "productName":"Private Car"
      },
      {  
         "partyName":"ABHAY SHAH",
         "renewQuoteNo":"1301001710761022",
         "previousPolicyNo":"13010016113645640000",
         "productCode":"TW",
         "policyStatus":"ACTIVE POLICY",
         "quoteStatus":"RENEWAL IN PROGRESS",
         "quoteStartDate":"09/11/2017 00:00:01",
         "productName":"Two Wheeler"
      },
      {  
         "partyName":"LTMOTOR  LTMOTOR",
         "renewQuoteNo":"1301001710729591",
         "previousPolicyNo":"13010016113644220000",
         "productCode":"TW",
         "policyStatus":"ACTIVE POLICY",
         "quoteStatus":"RENEWAL IN PROGRESS",
         "quoteStartDate":"15/11/2017 00:00:01",
         "productName":"Two Wheeler"
      }
   ]
}