{
  "header": {
    "eventID": "getProductDomainValues","applicationId": "portal","responseCode": 0,"coRelationId": "portal_PRELOGIN_domainValues_getProductDomainValues_1506524564068_3392903",
    "baNCSIntegrationSessionVO": {"userCode": "","rolecode": "","userName": "","sessionStatus": ""},
    "customerName": "CUSTOMER","typeOfCustomer": "CUSTOMER"
  },
  "productDomainValues": [
    {
      "productCode": "GS","domainValues": {"codeId": "SUM_INSURED_GS_OPTION1","codeValue": "100000","mnemonic": "100000","lngCode": "EN","domainId": 2256,"sortOrder": 1}
    },
    {
      "productCode": "GS","domainValues": {"codeId": "SUM_INSURED_GS_OPTION1","codeValue": "100000","mnemonic": "100000","lngCode": "EN","domainId": 2257,"sortOrder": 2}
    },
    {
      "productCode": "GS","domainValues": {"codeId": "SUM_INSURED_GS_OPTION1","codeValue": "50000","mnemonic": "50000","lngCode": "EN","domainId": 2258,"sortOrder": 3}
    },
    {
      "productCode": "GS","domainValues": {"codeId": "SUM_INSURED_GS_OPTION1","codeValue": "50000","mnemonic": "50000","lngCode": "EN","domainId": 2259,"sortOrder": 4}
    },
    {
      "productCode": "GS","domainValues": {"codeId": "SUM_INSURED_GS_OPTION1","codeValue": "25000","mnemonic": "25000","lngCode": "EN","domainId": 2260,"sortOrder": 5}
    },
    {
      "productCode": "GS","domainValues": {"codeId": "SUM_INSURED_GS_OPTION2","codeValue": "250000","mnemonic": "250000","lngCode": "EN","domainId": 2261,"sortOrder": 1}
    },
    {
      "productCode": "GS","domainValues": {"codeId": "SUM_INSURED_GS_OPTION2","codeValue": "250000","mnemonic": "250000","lngCode": "EN","domainId": 2262,"sortOrder": 2}
    },
    {
      "productCode": "GS","domainValues": {"codeId": "SUM_INSURED_GS_OPTION2","codeValue": "100000","mnemonic": "100000","lngCode": "EN","domainId": 2263,"sortOrder": 3}
    },
    {
      "productCode": "GS","domainValues": {"codeId": "SUM_INSURED_GS_OPTION2","codeValue": "75000","mnemonic": "75000","lngCode": "EN","domainId": 2264,"sortOrder": 4}
    },
    {
      "productCode": "GS","domainValues": {"codeId": "SUM_INSURED_GS_OPTION2","codeValue": "40000","mnemonic": "40000","lngCode": "EN","domainId": 2265,"sortOrder": 5}
    },
    {
      "productCode": "GS","domainValues": {"codeId": "SUM_INSURED_GS_OPTION3","codeValue": "500000","mnemonic": "500000","lngCode": "EN","domainId": 2266,"sortOrder": 1}
    },
    {
      "productCode": "GS","domainValues": {"codeId": "SUM_INSURED_GS_OPTION3","codeValue": "500000","mnemonic": "500000","lngCode": "EN","domainId": 2267,"sortOrder": 2}
    },
    {
      "productCode": "GS","domainValues": {"codeId": "SUM_INSURED_GS_OPTION3","codeValue": "200000","mnemonic": "200000","lngCode": "EN","domainId": 2268,"sortOrder": 3}
    },
    {
      "productCode": "GS","domainValues": {"codeId": "SUM_INSURED_GS_OPTION3","codeValue": "100000","mnemonic": "100000","lngCode": "EN","domainId": 2269,"sortOrder": 4}
    },
    {
      "productCode": "GS","domainValues": {"codeId": "SUM_INSURED_GS_OPTION3","codeValue": "60000","mnemonic": "60000","lngCode": "EN","domainId": 2270,"sortOrder": 5}
    },
    {
      "productCode": "GS","domainValues": {"codeId": "SUM_INSURED_GS_OPTION4","codeValue": "1000000","mnemonic": "1000000","lngCode": "EN","domainId": 2271,"sortOrder": 1}
    },
    {
      "productCode": "GS","domainValues": {"codeId": "SUM_INSURED_GS_OPTION4","codeValue": "1000000","mnemonic": "1000000","lngCode": "EN","domainId": 2272,"sortOrder": 2}
    },
    {
      "productCode": "GS","domainValues": {"codeId": "SUM_INSURED_GS_OPTION4","codeValue": "400000","mnemonic": "400000","lngCode": "EN","domainId": 2273,"sortOrder": 3}
    },
    {
      "productCode": "GS","domainValues": {"codeId": "SUM_INSURED_GS_OPTION4","codeValue": "200000","mnemonic": "200000","lngCode": "EN","domainId": 2274,"sortOrder": 4}
    },
    {
      "productCode": "GS","domainValues": {"codeId": "SUM_INSURED_GS_OPTION4","codeValue": "75000","mnemonic": "75000","lngCode": "EN","domainId": 2275,"sortOrder": 5}
    }
  ]
}
