{  
   "header":{  
      "eventID":"getVersionDetails",
      "applicationId":"mobile",
      "responseCode":0,
      "coRelationId":"mobile_PRELOGIN_mobileApp_agentVersionDetails_1484049179410_PRELOGIN",
      "baNCSIntegrationSessionVO":{  
         "userCode":"",
         "rolecode":"",
         "userName":"",
         "sessionStatus":""
      },
      "customerName":"AGENT",
      "typeOfCustomer":"AGENT"
   },
   "isVersionValid":"true",
   "message":"Dear User, New version of Agent Application is available in the Play-store. Tap on Update button to download.",
   "appAccess":"false",
   "systemDate":"10/01/2017",
   "statusCode":"0"
}