{
  "header": {
    "eventID": "calculatePremiumGS",
    "applicationId": "portal",
    "responseCode": 0,
    "coRelationId": "portal_PRELOGIN_eproduct_calcPremium_1511176421661_3392903",
    "baNCSIntegrationSessionVO": {
      "userCode": "",
      "rolecode": "",
      "userName": "",
      "sessionStatus": ""
    },
    "customerName": "CUSTOMER",
    "typeOfCustomer": "CUSTOMER",
    "deviceID": "Mozilla/5.0 (Windows NT 6.3; WOW64) AppleWebKit/537.36 (KHTMLlike Gecko) Chrome/62.0.3202.94 Safari/537.36"
  },
  "userProfile": {
    "userId": "PORTAL",
    "loggedInRole": "SUPERUSER",
    "stakeCode": "POLICY-HOL",
    "footer": {
      "errorCode": "0"
    },
    "uiFlow": "CUSTOMER"
  },
  "quote": {
    "quoteNumber": "8300001710132034",
    "productName": "New India Griha Suvidha Policy",
    "productCode": "GS",
    "productId": "44708317032015",
    "policyStartDate": "20/11/2017",
    "policyExpiryDate": "19/11/2018",
    "emailId": "a@a.com",
    "mobileNo": "8971431193",
    "premiumDetails": {
      "grossPremium": "1125",
      "netPremium": "1328"
    },
    "risks": [
      {
        "coverage": {
          "coverType": "Option1",
          "applianceCovers": [
            {
              "totalSumInsured": "50000",
              "applianceType": "DOMESTIC"
            },
            {
              "totalSumInsured": "25000",
              "applianceType": "TV"
            }
          ],
          "basicCover": {
            "sumInsuredFireQuakeTerrorExcludingJewellery": "100000",
            "isFireQuakeTerrorIncludingPremises": "Y",
            "sumInsuredFireQuakeTerrorIncludingPremises": "1",
            "totalSumInsuredofBuilding": "325001",
            "totalSumInsuredForBurglary": "100000"
          },
          "jewelleryCover": {
            "totalSumInsured": "50000"
          }
        }
      }
    ]
  }
}