{
  "header": {
    "eventID": "fetchPremiumGS",
    "applicationId": "mobile",
    "responseCode": 0,
    "coRelationId": "mobile_PRELOGIN_eproduct_fetchPremiumGS_1505888424454_PRELOGIN",
    "baNCSIntegrationSessionVO": {
      "userCode": "",
      "rolecode": "",
      "userName": "",
      "sessionStatus": ""
    },
    "customerName": "AGENT",
    "typeOfCustomer": "AGENT"
  },
  "userProfile": {
    "footer": {
      "errorCode": "0",
      "errorDescription": "No Error"
    }
  },
  "quote": {
    "fetchPremiumGS": [
      {
        "grossPremium": "1234",
        "serviceTax": "66",
        "totalPremium": "1300",
        "option": "Option1"
      },
      {
        "grossPremium": "2234",
        "serviceTax": "166",
        "totalPremium": "2400",
        "option": "Option2"
      },
      {
        "grossPremium": "3880",
        "serviceTax": "582",
        "totalPremium": "4462",
        "option": "Option3"
      },
	  {
        "grossPremium": "5500",
        "serviceTax": "1000",
        "totalPremium": "6500",
        "option": "Option4"
      }
    ]
  }
}