{
  "header": {
    "eventID": "getStates",
    "applicationId": "portal",
    "responseCode": 0,
    "coRelationId": "portal_AG_VIVEK1_party_getStateList_1503994696264_1446008211",
    "baNCSIntegrationSessionVO": {
      "userCode": "",
      "rolecode": "",
      "userName": "",
      "sessionStatus": ""
    },
    "customerName": "AGENT",
    "typeOfCustomer": "AGENT"
  },
  "states": [
    {
      "state": "MAHARASHTRA",
      "stateCode": "MH"
    },
    {
      "state": "RAJASTHAN",
      "stateCode": "RJ"
    },
    {
      "state": "NAGALAND",
      "stateCode": "NL"
    },
    {
      "state": "MIZORAM",
      "stateCode": "MZ"
    },
    {
      "state": "WEST BENGAL",
      "stateCode": "WB"
    },
    {
      "state": "UTTARANCHAL",
      "stateCode": "UA"
    },
    {
      "state": "PONDICHERRY",
      "stateCode": "PY"
    },
    {
      "state": "UT DADRA AND NAGAR HAVELI",
      "stateCode": "DN"
    },
    {
      "state": "FOREIGN STATE",
      "stateCode": "FRNST"
    },
    {
      "state": "ANDHRA PRADESH",
      "stateCode": "AP"
    },
    {
      "state": "ASSAM",
      "stateCode": "AS"
    },
    {
      "state": "PUNJAB",
      "stateCode": "PB"
    },
    {
      "state": "ORISSA",
      "stateCode": "OR"
    },
    {
      "state": "CHHATTISGARH",
      "stateCode": "CG"
    },
    {
      "state": "JHARKHAND",
      "stateCode": "JH"
    },
    {
      "state": "KERALA",
      "stateCode": "KL"
    },
    {
      "state": "GUJARAT",
      "stateCode": "GJ"
    },
    {
      "state": "MADHYA PRADESH",
      "stateCode": "MP"
    },
    {
      "state": "JAMMU KASHMIR",
      "stateCode": "JK"
    },
    {
      "state": "MANIPUR",
      "stateCode": "MN"
    },
    {
      "state": "BIHAR",
      "stateCode": "BR"
    },
    {
      "state": "UTTAR PRADESH",
      "stateCode": "UP"
    },
    {
      "state": "HIMACHAL PRADESH",
      "stateCode": "HP"
    },
    {
      "state": "MEGHALAYA",
      "stateCode": "ML"
    },
    {
      "state": "DELHI",
      "stateCode": "DL"
    },
    {
      "state": "SIKKIM",
      "stateCode": "SK"
    },
    {
      "state": "ANDAMAN",
      "stateCode": "AN"
    },
    {
      "state": "HARYANA",
      "stateCode": "HR"
    },
    {
      "state": "TAMIL NADU",
      "stateCode": "TN"
    },
    {
      "state": "GOA",
      "stateCode": "GA"
    },
    {
      "state": "LAKSHADWEEP UNION TERRITORY",
      "stateCode": "LD"
    },
    {
      "state": "KARNATAKA",
      "stateCode": "KA"
    },
    {
      "state": "TRIPURA",
      "stateCode": "TR"
    },
    {
      "state": "ARUNACHAL PRADESH",
      "stateCode": "AR"
    },
    {
      "state": "CHANDIGARH",
      "stateCode": "CH"
    },
    {
      "state": "TELANGANA",
      "stateCode": "TS"
    },
    {
      "state": "TN",
      "stateCode": "TN4028"
    },
    {
      "state": "DAMAN AND DIU",
      "stateCode": "DD"
    }
  ]
}