{  
   "header":{  
      "eventID":"saveCollectionDetails",
      "applicationId":"mobile",
      "responseCode":0,
      "coRelationId":"mobile_PRELOGIN_collectionController_collection_1484134771318_PRELOGIN",
      "baNCSIntegrationSessionVO":{  
         "userCode":"",
         "rolecode":"",
         "userName":"",
         "sessionStatus":""
      },
      "customerName":"AGENT",
      "typeOfCustomer":"AGENT"
   },
   "userProfile":{  
      "userId":"AG_VIVEK2",
      "footer":{  
         "errorCode":"1",
         "errorDescription":" Proposal Issued"
      }
   },
   "quote":{  
      "quoteNumber":"1301001610020647",
      "policyNumber":"13010034167600000438",
      "payment":{  
         "transactionOrCollectionID":"13010081160000003716"
      }
   }
}