[  
   {
	  "name":"Arvind Kumar",   
      "title":"Event - 1",
      "startTime":"2016-07-12T04:28:00.000Z",
      "endTime":"2016-07-12T05:21:00.000Z",
      "allDay":false
   },
   {  
	  "name":"Arvind1 Kumar",
      "title":"Event - 2",
      "startTime":"2016-09-26T14:45:00.000Z",
      "endTime":"2016-09-26T14:50:00.000Z",
      "allDay":false
   },
   { 
      "name":"Arvind2 Kumar",   
      "title":"Event - 5",
      "startTime":"2016-07-24T05:44:00.000Z",
      "endTime":"2016-07-24T07:45:00.000Z",
      "allDay":false
   },
   {
      "name":"Arvind3 Kumar",   
      "title":"Event - 8",
      "startTime":"2016-07-06T03:31:00.000Z",
      "endTime":"2016-07-07T05:08:00.000Z",
      "allDay":false
   },
   { 
      "name":"Arvind4 Kumar",   
      "title":"Event - 10",
      "startTime":"2016-08-24T16:56:00.000Z",
      "endTime":"2016-08-25T18:32:00.000Z",
      "allDay":false
   },
   { 
      "name":"Arvind5 Kumar",   
      "title":"Event - 11",
      "startTime":"2016-07-05T11:22:00.000Z",
      "endTime":"2016-07-06T13:21:00.000Z",
      "allDay":false
   },
   { 
      "name":"Arvind6 Kumar",   
      "title":"Event - 15",
      "startTime":"2016-09-22T22:41:00.000Z",
      "endTime":"2016-09-24T01:33:00.000Z",
      "allDay":false
   },
   {  
      "name":"Arvind7 Kumar",
      "title":"Event - 16",
      "startTime":"2016-08-18T07:23:00.000Z",
      "endTime":"2016-08-18T07:23:00.000Z",
      "allDay":false
   },
   { 
      "name":"Arvind8 Kumar",   
      "title":"Event - 19",
      "startTime":"2016-08-14T02:06:00.000Z",
      "endTime":"2016-08-15T04:09:00.000Z",
      "allDay":false
   },
   { 
      "name":"Arvind9 Kumar",   
      "title":"Event - 20",
      "startTime":"2016-09-10T01:31:00.000Z",
      "endTime":"2016-09-10T02:50:00.000Z",
      "allDay":false
   },
   { 
      "name":"Arvind10 Kumar",   
      "title":"Event - 21",
      "startTime":"2016-07-19T17:22:00.000Z",
      "endTime":"2016-07-20T18:09:00.000Z",
      "allDay":false
   },
   {
      "name":"Arvind11 Kumar",   
      "title":"Event - 22",
      "startTime":"2016-09-07T04:16:00.000Z",
      "endTime":"2016-09-08T06:28:00.000Z",
      "allDay":false
   },
   { 
      "name":"Arvind12 Kumar",   
      "title":"Event - 23",
      "startTime":"2016-07-05T17:03:00.000Z",
      "endTime":"2016-07-05T18:40:00.000Z",
      "allDay":false
   },
   {
      "name":"Arvind13 Kumar",   
      "title":"Event - 25",
      "startTime":"2016-07-24T07:58:00.000Z",
      "endTime":"2016-07-24T09:19:00.000Z",
      "allDay":false
   },
   { 
      "name":"Arvind14 Kumar",   
      "title":"Event - 26",
      "startTime":"2016-08-14T09:25:00.000Z",
      "endTime":"2016-08-15T11:56:00.000Z",
      "allDay":false
   },
   { 
      "name":"Arvind15 Kumar",   
      "title":"Event - 27",
      "startTime":"2016-07-03T19:34:00.000Z",
      "endTime":"2016-07-03T21:02:00.000Z",
      "allDay":false
   },
   { 
      "name":"Arvind16 Kumar",   
      "title":"Event - 28",
      "startTime":"2016-09-08T20:19:00.000Z",
      "endTime":"2016-09-09T22:44:00.000Z",
      "allDay":false
   },
   { 
      "name":"Arvind17 Kumar",   
      "title":"Event - 30",
      "startTime":"2016-08-27T20:29:00.000Z",
      "endTime":"2016-08-28T22:00:00.000Z",
      "allDay":false
   },
   { 
      "name":"Arvind18 Kumar",   
      "title":"Event - 31",
      "startTime":"2016-08-23T20:50:00.000Z",
      "endTime":"2016-08-24T23:44:00.000Z",
      "allDay":false
   },
   {
      "name":"Arvind19 Kumar",   
      "title":"Event - 33",
      "startTime":"2016-10-18T15:38:00.000Z",
      "endTime":"2016-10-18T17:47:00.000Z",
      "allDay":false
   },
   { 
      "name":"Arvind20 Kumar",   
      "title":"Event - 36",
      "startTime":"2016-10-22T01:47:00.000Z",
      "endTime":"2016-10-23T02:50:00.000Z",
      "allDay":false
   },
   { 
      "name":"Arvind21 Kumar",   
      "title":"Event - 37",
      "startTime":"2016-08-21T00:21:00.000Z",
      "endTime":"2016-08-22T03:00:00.000Z",
      "allDay":false
   },
   {  
      "name":"Arvind22 Kumar",
      "title":"Event - 40",
      "startTime":"2016-10-25T18:01:00.000Z",
      "endTime":"2016-10-25T20:03:00.000Z",
      "allDay":false
   },
   {  
      "name":"Arvind23 Kumar",
      "title":"Event - 42",
      "startTime":"2016-10-04T02:12:00.000Z",
      "endTime":"2016-10-05T04:45:00.000Z",
      "allDay":false
   },
   {
      "name":"Arvind24 Kumar",   
      "title":"Event - 45",
      "startTime":"2016-08-23T12:09:00.000Z",
      "endTime":"2016-08-23T13:37:00.000Z",
      "allDay":false
   },
   {
      "name":"Arvind25 Kumar",   
      "title":"Event - 47",
      "startTime":"2016-07-25T13:01:00.000Z",
      "endTime":"2016-07-25T14:00:00.000Z",
      "allDay":false
   },
   {
      "name":"Arvind26 Kumar",   
      "title":"Event - 49",
      "startTime":"2016-07-28T15:41:00.000Z",
      "endTime":"2016-07-28T18:02:00.000Z",
      "allDay":false
   },
   {
      "name":"Arvind26 Kumar",   
      "title":"Event - 49",
      "startTime":"2016-11-14T15:41:00.000Z",
      "endTime":"2016-11-14T18:02:00.000Z",
      "allDay":false
   },
   {
      "name":"Arvind26 Kumar",   
      "title":"Event - 49",
      "startTime":"2016-11-15T15:41:00.000Z",
      "endTime":"2016-11-15T18:02:00.000Z",
      "allDay":false
   }
]