{  
   "documentDeatils":[  
      {  
         "documentIDorRefer":"AK_PROPOSALDOCUMENTHEALTHAK_34514449.pdf",
         "documentURL":"https://uatapps.newindia.co.in/omnidocs/Bancs_ONLINE_PORTAL/doclist.jsp?userName=PORTAL&documentID=2195192&policyNumber=13010034167600000440&docType=POLICY"
      },
      {  
         "documentIDorRefer":"AK_COLLECTIONRECEIPT_34514446.pdf",
         "documentURL":"https://uatapps.newindia.co.in/omnidocs/Bancs_ONLINE_PORTAL/doclist.jsp?userName=PORTAL&documentID=2195190&policyNumber=13010034167600000440&docType=POLICY"
      },
      {  
         "documentIDorRefer":"AK_NIAPOLICYCOVERHEALTH_34514447.pdf",
         "documentURL":"https://uatapps.newindia.co.in/omnidocs/Bancs_ONLINE_PORTAL/doclist.jsp?userName=PORTAL&documentID=2195191&policyNumber=13010034167600000440&docType=POLICY"
      },
      {  
         "documentIDorRefer":"AK_POLICYSCHEDULENIADOCUMENTAK_34514445.pdf",
         "documentURL":"https://uatapps.newindia.co.in/omnidocs/Bancs_ONLINE_PORTAL/doclist.jsp?userName=PORTAL&documentID=2195189&policyNumber=13010034167600000440&docType=POLICY"
      },
      {  
         "documentIDorRefer":"POLICY_BOOKLET_240900706317012017.pdf",
         "documentURL":"../AgentRelease2/images/PlainBackground-1280x800px.png"
      }
   ]
}