{
   "getClaimListResponses":[
      {
		   "nameOfinsured":"UMA  R",
		   "partyCode":"ME00133860",
		   "productCode":"TW",
		   "policyNumber":"13010031160100000611",
		   "claimNumber":"1301003116010000",
		   "startDate":"25/07/2016",
		   "endDate":"24/07/2017",
		   "status":"ACTIVE POLICY",
		   "policyStatusCode":"05",
		   "resultSize":0,
		   "startIndex":0,
		   "totalResults":30,
		   "isAddOnTaken":"N"         
      },
	  {
		   "nameOfinsured":"UMA  R",
		   "partyCode":"ME00133860",
		   "productCode":"TW",
		   "policyNumber":"13010031160100000611",
		   "claimNumber":"1301003116010000",
		   "startDate":"25/07/2016",
		   "endDate":"24/07/2017",
		   "status":"ACTIVE POLICY",
		   "policyStatusCode":"05",
		   "resultSize":0,
		   "startIndex":0,
		   "totalResults":30,
		   "isAddOnTaken":"N"         
      }
	 ]
}