{
   "myPoliciesResponseASBOs":[
      {
         "userProfile":{
            "searchQuote":{
               "clientID":"12345678",
               "firstName":"Test",
               "lastName":"One",
               "productID":"130100311601",
			   "premium":"5000",
               "emailID":"abc@gmail.com",
               "mobileNumber":"7895678945"
            }
         },
         "quote":{
            "isRenew":"N"
         }
      },
      {
         "userProfile":{
            "searchQuote":{
              "clientID":"12345679",
               "firstName":"Test1",
               "lastName":"One1",
               "productID":"130100311602",
			   "premium":"5001",
               "emailID":"abc1@gmail.com",
               "mobileNumber":"7895678946"
            }
         },
         "quote":{
            "isRenew":"N"
         }
      }
   ],
   "totalResult":"30"
}