{
  "userProfile": {
    "userId": "AG_UAT18",
    "loggedInRole": "SUPERUSER",
    "stakeCode": "AGENT",
    "footer": {
      "errorCode": "0",
      "status": "Portal Quotation Saved",
      "errorDescription": "Portal Quotation Saved"
    },
    "uiFlow": "NON_CUSTOMER"
  },
  "quote": {
    "quoteNumber": "1301001610018148",
    "productName": "New MediClaim 2012",
    "productCode": "AK",
    "productId": "18200604032014",
    "policyHolderCode": "ME00110974",
    "policyHolderName": "RAJARSHI  CHAKRABARTY",
    "policyLastUpdatedDate": "27/12/2016 10:56:41",
    "policyId": "239557709527122016",
    "policyStartDate": "30-DEC-16",
    "policyExpiryDate": "29-DEC-17",
    "emailId": "u@g.com",
    "mobileNo": "9888888888",
    "premiumDetails": {
      "grossPremium": "6370.00",
      "totalPremium": "6370.00",
      "serviceTax": "956.00",
      "netPremium": "7326.00"
    }
  }
}