{
  "header": {
    "eventID": "getNewRenewedQuote",
    "applicationId": "portal",
    "responseCode": 0,
    "coRelationId": "portal_PRELOGIN_renewal_getQRRenQuoteDetails_1505471857217_PRELOGIN",
    "baNCSIntegrationSessionVO": {
      "userCode": "",
      "rolecode": "",

      "userName": "",
      "sessionStatus": ""
    },
    "customerName": "CUSTOMER",
    "typeOfCustomer": "CUSTOMER"
  },
  "userProfile": {
    "userId": "QR_RENEWAL",
    "loggedInRole": "SUPERUSER",
    "stakeCode": "POLICY-HOL",
    "footer": {
      "errorCode": "0",

      "errorDescription": "Policy already renewed. Renewed proposal number is 1301001710059606"
    }
  },
  "quote": {
    "quoteNumber": "1301001710059606",
    "productCode": "UK",
    "policyHolderCode": "ME00137312",
    "currentStatus": "RENEWAL IN PROGRESS"
  }
}