{  
   "header":{  
      "eventID":"getRoomRentEstdPrem",
      "applicationId":"mobile",
      "responseCode":0,
      "coRelationId":"mobile_PRELOGIN_renewal_getQuickRenewalPolicyDetails_1483622939445_PRELOGIN",
      "baNCSIntegrationSessionVO":{  
         "userCode":"",
         "rolecode":"",
         "userName":"",
         "sessionStatus":""
      },
      "customerName":"AGENT",
      "typeOfCustomer":"AGENT"
   },
   "quote":{  
      "quoteNumber":"1301001610019736",
      "productName":"New MediClaim 2012",
      "productCode":"NM",
      "policyHolderCode":"ME00111945",
      "policyHolderName":"LAKSHMI  PRIYA",
      "policyNumber":"13010015104611260000",
      "policyStartDate":"30/01/2017",
      "policyExpiryDate":"29/01/2018",
      "currentStatus":"RENEWAL IN PROGRESS",
      "partyDetailsList": [
      {
        "individualDetails": {
          "buildingNoStreet": "MUMBAI  ",
          "cityName": "MUMBAI MAHARASHTRA INDIA",
          "pinCode": "400012"
        }
      }
	  ],
      "vehicles":[  ],
      "premiumDetails": {
      "totalPremium": "823",
      "netPremium": "947"
    },
    "payment": {
      "paymentDetailsList": [
        {
          "collectionStatus": "Collection is not done for this quote number",
          "collectionAllowedStatus": "Yes"
        }
      ]
    },
      "emailId":"test@543.coo",
      "mobileNo":"9874563210",
      "isPopup":"true",
      "isDropdown":"false",
      "estdPremium":"680.0",
      "roomRentRider":"N"
   },
   "userProfile":{  
      "footer":{  
         "errorCode":"1"
      }
   }
}