{
  "header": {
    "eventID": "getPolicyHolderDetail",
    "applicationId": "portal",
    "responseCode": 0,
    "coRelationId": "portal_AG_UAT18_renewal_getQuickRenewalPolicyDetails_1478852400451_PRELOGIN",
    "baNCSIntegrationSessionVO": {
      "userCode": "",
      "rolecode": "",
      "userName": "",
      "sessionStatus": ""
    },
    "customerName": "AGENT",
    "typeOfCustomer": "AGENT"
  },
  "quote": {
    "quoteNumber": "1301001610015111",
    "productName": "Two Wheeler",
    "productCode": "TW",
    "policyHolderCode": "PO04946508",
    "policyHolderName": "SHRADDHA  MUNGEKAR",
    "policyNumber": "13010015104331440000",
    "policyStartDate": "15/11/2016",
    "policyExpiryDate": "14/11/2017",
    "currentStatus": "RENEWAL IN PROGRESS",
    "partyDetailsList": [
      {
        "individualDetails": {
          "buildingNoStreet": "MUMBAI  ",
          "cityName": "MUMBAI MAHARASHTRA INDIA",
          "pinCode": "400012"
        }
      }
    ],
    "vehicles": [
      {
        "vehicleDetails": {
          "engineNo": "sdfsdfsdf",
          "chassisNo": "sdfsdfsdf",
          "dateOfRegistration": "01/01/0001",
          "registrationExpiryDate": "01/01/0001",
          "registrationNo1": "Mu",
          "registrationNo2": "01",
          "registrationNo3": "SD",
          "registrationNo4": "0001",
          "colorAsPerRCbook": "SFSDF"
        }
      }
    ],
    "premiumDetails": {
      "totalPremium": "823",
      "netPremium": "947"
    },
    "payment": {
      "paymentDetailsList": [
        {
          "collectionStatus": "Collection is not done for this quote number",
          "collectionAllowedStatus": "Yes"
        }
      ]
    },
    "emailId": "bsu@auditimeindia.com",
    "mobileNo": "9821660571"
  },
  "userProfile": {
    "footer": {
      "errorCode": "1"
    }
  }
}