{  
   "header":{  
      "eventID":"getPolicyHolderDetail",
      "applicationId":"mobile",
      "responseCode":0,
      "coRelationId":"mobile_AG_VIVEK1_renewal_getQuickRenewalPolicyDetails_1505721748215_218280266",
      "baNCSIntegrationSessionVO":{  
         "userCode":"",
         "rolecode":"",
         "userName":"",
         "sessionStatus":""
      },
      "customerName":"AGENT",
      "typeOfCustomer":"AGENT",
      "deviceID":"Mozilla/5.0 (Windows NT 6.1; WOW64) AppleWebKit/537.36 (KHTML"
   },
   "quote":{  
      "quoteNumber":"1301001710056933",
      "productName":"New MediClaim 2012",
      "productCode":"UK",
      "policyHolderCode":"ME00118565",
      "policyHolderName":"LAKSHMI K PRIYA",
      "policyNumber":"13010016100315340000",
      "policyStartDate":"30/09/2017",
      "policyExpiryDate":"29/09/2018",
      "currentStatus":"RENEWAL IN PROGRESS",
      "partyDetailsList":[  
         {  
            "individualDetails":{  
               "buildingNoStreet":"KUNDHANAHALLI BANGALORE ",
               "cityName":"MP1302 MP INDIA",
               "pinCode":"473997",
               "panNumber":"ASDFW1234A",
               "state":"MP",
               "gstRegIdType":"NRI",
               "gstin":"123456781234N4T",
               "uin":" ",
               "city":"MP1302"
            }
         }
      ],
      "previousPolicyDetails":{  
         "previousPolicyExpiryDate":"29/09/2017"
      },
      "vehicles":[  
         {  
            "vehicleDetails":{  

            }
         }
      ],
      "premiumDetails":{  
         "totalPremium":"13032",
         "netPremium":"15378"
      },
      "payment":{  
         "paymentDetailsList":[  
            {  
               "collectionStatus":"Collection is not done for this quote number",
               "collectionAllowedStatus":"Yes"
            }
         ]
      },
      "emailId":"asda@df.ghy",
      "mobileNo":"9787878997",
      "prevPolProductCode":"NM"
   },
   "userProfile":{  
      "footer":{  
         "errorCode":"1"
      }
   }
}